{
  "project_info": {
    "title": "Guía de Importación de Archivos WXR a WordPress",
    "created": 1769861036.8606517,
    "last_updated": 1769861103.7292705,
    "total_slides": 8
  },
  "slides": [
    {
      "id": "title_slide",
      "state": "edited",
      "pageNum": 1
    },
    {
      "id": "intro_wxr",
      "state": "edited",
      "pageNum": 2
    },
    {
      "id": "step_1_admin",
      "state": "edited",
      "pageNum": 3
    },
    {
      "id": "step_2_install",
      "state": "edited",
      "pageNum": 4
    },
    {
      "id": "step_3_upload",
      "state": "edited",
      "pageNum": 5
    },
    {
      "id": "step_4_authors",
      "state": "edited",
      "pageNum": 6
    },
    {
      "id": "step_5_verify",
      "state": "edited",
      "pageNum": 7
    },
    {
      "id": "troubleshooting",
      "state": "edited",
      "pageNum": 8
    }
  ],
  "outline": [
    {
      "id": "title_slide",
      "title": "Guía de Importación de Archivos WXR a WordPress",
      "summary": "Portada de la presentación con el título principal y el tema central.",
      "image_plan": "/home/ubuntu/upload/search_images/C8XnZHvwAesu.jpg - The title slide introduces the guide on importing WXR files to WordPress. Image 2 is a high-quality, recognizable WordPress logo.",
      "slide_template_key": ""
    },
    {
      "id": "intro_wxr",
      "title": "Introducción al Formato WXR",
      "summary": "Explicación de qué es el formato WXR y su importancia en WordPress.",
      "image_plan": "",
      "slide_template_key": ""
    },
    {
      "id": "step_1_admin",
      "title": "Paso 1: Acceder al Panel de Administración",
      "summary": "Instrucciones para navegar a la sección de Herramientas > Importar.",
      "image_plan": "/home/ubuntu/upload/search_images/WkWvBZ3pOcZK.png - This step describes navigating to the 'Tools' and 'Import' sections in the WordPress admin panel. Image 4 clearly shows the WordPress dashboard with the 'Tools' and 'Import' menu items selected, which is highly relevant.",
      "slide_template_key": ""
    },
    {
      "id": "step_2_install",
      "title": "Paso 2: Instalar el Importador de WordPress",
      "summary": "Cómo instalar y ejecutar el plugin oficial de importación.",
      "image_plan": "/home/ubuntu/upload/search_images/laDD6NW50vYg.png - This step focuses on installing the WordPress import tool. Image 5 is a screenshot of the Import screen, specifically highlighting the 'WordPress' option and the 'Install Now' link, making it the most relevant visual aid.",
      "slide_template_key": ""
    },
    {
      "id": "step_3_upload",
      "title": "Paso 3: Seleccionar y Subir el Archivo XML",
      "summary": "Proceso de selección del archivo WXR y carga al servidor.",
      "image_plan": "",
      "slide_template_key": ""
    },
    {
      "id": "step_4_authors",
      "title": "Paso 4: Asignación de Autores y Medios",
      "summary": "Configuración de autores e importación de archivos adjuntos.",
      "image_plan": "",
      "slide_template_key": ""
    },
    {
      "id": "step_5_verify",
      "title": "Paso 5: Verificación del Contenido",
      "summary": "Pasos finales para confirmar que la importación fue exitosa.",
      "image_plan": "",
      "slide_template_key": ""
    },
    {
      "id": "troubleshooting",
      "title": "Solución de Problemas Comunes",
      "summary": "Consejos para resolver errores de memoria, tiempo o archivos adjuntos.",
      "image_plan": "",
      "slide_template_key": ""
    }
  ]
}