<?xml version="1.0" encoding="UTF-8" ?>
<rss version="2.0"
	xmlns:excerpt="http://wordpress.org/export/1.2/excerpt/"
	xmlns:content="http://purl.org/rss/1.0/modules/content/"
	xmlns:wfw="http://wellformedweb.org/CommentAPI/"
	xmlns:dc="http://purl.org/dc/elements/1.1/"
	xmlns:wp="http://wordpress.org/export/1.2/"
>
<channel>
	<title>Upside Down Hub Export</title>
	<link>http://localhost</link>
	<description>Exportación completa del proyecto Upside Down Hub</description>
	<pubDate>Fri, 31 Jan 2026 00:00:00 +0000</pubDate>
	<language>es-ES</language>
	<wp:wxr_version>1.2</wp:wxr_version>
	<wp:base_site_url>http://localhost</wp:base_site_url>
	<wp:base_blog_url>http://localhost</wp:base_blog_url>

	<item>
		<title>Upside Down Hub - Home</title>
		<link>http://localhost/upside-down-hub</link>
		<pubDate>Fri, 31 Jan 2026 00:00:00 +0000</pubDate>
		<dc:creator><![CDATA[admin]]></dc:creator>
		<guid isPermaLink="false">http://localhost/?p=100</guid>
		<description></description>
		<content:encoded><![CDATA[<!-- wp:paragraph -->
<p>Esta página contiene el diseño completo de Upside Down Hub. Para que el diseño se vea exactamente igual, asegúrate de usar un bloque de <strong>HTML Personalizado</strong> o un tema que permita CSS personalizado.</p>
<!-- /wp:paragraph -->

<!-- wp:heading -->
<h2>Instrucciones de Uso</h2>
<!-- /wp:heading -->

<!-- wp:list -->
<ul>
	<li>Importa este archivo XML en <strong>Herramientas > Importar > WordPress</strong>.</li>
	<li>El contenido se ha estructurado siguiendo el archivo <code>Index.tsx</code> y el diseño del HTML proporcionado.</li>
	<li>Para los efectos visuales (CRT, Partículas), se recomienda añadir el código CSS correspondiente en el personalizador de tu tema.</li>
</ul>
<!-- /wp:list -->

<!-- wp:separator -->
<hr class="wp-block-separator has-alpha-channel-opacity"/>
<!-- /wp:separator -->

<!-- wp:heading {"level":3} -->
<h3>Estructura de la Web</h3>
<!-- /wp:heading -->

<!-- wp:paragraph -->
<p>La web está compuesta por las siguientes secciones dinámicas:</p>
<!-- /wp:paragraph -->

<!-- wp:list -->
<ul>
	<li><strong>Navbar:</strong> Navegación principal.</li>
	<li><strong>Hero Section:</strong> Impacto visual inicial.</li>
	<li><strong>News & Events:</strong> Actualizaciones y calendario.</li>
	<li><strong>Merch & Community:</strong> Tienda y red social.</li>
	<li><strong>AI Creative & Music:</strong> Contenido generado por IA y reproductor.</li>
	<li><strong>Contact & Footer:</strong> Información de contacto y cierre.</li>
</ul>
<!-- /wp:list -->

<!-- wp:paragraph -->
<p><em>Nota: El archivo HTML original contenía código del editor Lovable. Se ha extraído la lógica de los componentes para esta exportación.</em></p>
<!-- /wp:paragraph -->]]></content:encoded>
		<excerpt:encoded><![CDATA[]]></excerpt:encoded>
		<wp:post_id>100</wp:post_id>
		<wp:post_date><![CDATA[2026-01-31 00:00:00]]></wp:post_date>
		<wp:post_date_gmt><![CDATA[2026-01-31 00:00:00]]></wp:post_date_gmt>
		<wp:comment_status><![CDATA[closed]]></wp:comment_status>
		<wp:ping_status><![CDATA[closed]]></wp:ping_status>
		<wp:post_name><![CDATA[upside-down-hub]]></wp:post_name>
		<wp:status><![CDATA[publish]]></wp:status>
		<wp:post_parent>0</wp:post_parent>
		<wp:menu_order>0</wp:menu_order>
		<wp:post_type><![CDATA[page]]></wp:post_type>
		<wp:post_password><![CDATA[]]></wp:post_password>
		<wp:is_sticky>0</wp:is_sticky>
	</item>
</channel>
</rss>
